date,team,opponent,points,opponent_points,home,win
Tue Oct 21 2025,Oklahoma City Thunder,Houston Rockets,125,124,1,1
Tue Oct 21 2025,Los Angeles Lakers,Golden State Warriors,109,119,1,0
Wed Oct 22 2025,Charlotte Hornets,Brooklyn Nets,136,117,1,1
Wed Oct 22 2025,New York Knicks,Cleveland Cavaliers,119,111,1,1
Wed Oct 22 2025,Orlando Magic,Miami Heat,125,121,1,1
Wed Oct 22 2025,Boston Celtics,Philadelphia 76ers,116,117,1,0
Wed Oct 22 2025,Atlanta Hawks,Toronto Raptors,118,138,1,0
Wed Oct 22 2025,Chicago Bulls,Detroit Pistons,115,111,1,1
Wed Oct 22 2025,Memphis Grizzlies,New Orleans Pelicans,128,122,1,1
Wed Oct 22 2025,Milwaukee Bucks,Washington Wizards,133,120,1,1
Wed Oct 22 2025,Utah Jazz,Los Angeles Clippers,129,108,1,1
Wed Oct 22 2025,Dallas Mavericks,San Antonio Spurs,92,125,1,0
Wed Oct 22 2025,Portland Trail Blazers,Minnesota Timberwolves,114,118,1,0
Wed Oct 22 2025,Phoenix Suns,Sacramento Kings,120,116,1,1
Thu Oct 23 2025,Indiana Pacers,Oklahoma City Thunder,135,141,1,0
Thu Oct 23 2025,Golden State Warriors,Denver Nuggets,137,131,1,1
Fri Oct 24 2025,Toronto Raptors,Milwaukee Bucks,116,122,1,0
Fri Oct 24 2025,Orlando Magic,Atlanta Hawks,107,111,1,0
Fri Oct 24 2025,Brooklyn Nets,Cleveland Cavaliers,124,131,1,0
Fri Oct 24 2025,New York Knicks,Boston Celtics,105,95,1,1
Fri Oct 24 2025,Houston Rockets,Detroit Pistons,111,115,1,0
Fri Oct 24 2025,New Orleans Pelicans,San Antonio Spurs,116,120,1,0
Fri Oct 24 2025,Memphis Grizzlies,Miami Heat,114,146,1,0
Fri Oct 24 2025,Dallas Mavericks,Washington Wizards,107,117,1,0
Fri Oct 24 2025,Los Angeles Lakers,Minnesota Timberwolves,128,110,1,1
Fri Oct 24 2025,Portland Trail Blazers,Golden State Warriors,139,119,1,1
Fri Oct 24 2025,Sacramento Kings,Utah Jazz,105,104,1,1
Fri Oct 24 2025,Los Angeles Clippers,Phoenix Suns,129,102,1,1
Sat Oct 25 2025,Orlando Magic,Chicago Bulls,98,110,1,0
Sat Oct 25 2025,Atlanta Hawks,Oklahoma City Thunder,100,117,1,0
Sat Oct 25 2025,Philadelphia 76ers,Charlotte Hornets,125,121,1,1
Sat Oct 25 2025,Memphis Grizzlies,Indiana Pacers,128,103,1,1
Sat Oct 25 2025,Denver Nuggets,Phoenix Suns,133,111,1,1
Sun Oct 26 2025,San Antonio Spurs,Brooklyn Nets,118,107,1,1
Sun Oct 26 2025,Detroit Pistons,Boston Celtics,119,113,1,1
Sun Oct 26 2025,Washington Wizards,Charlotte Hornets,113,139,1,0
Sun Oct 26 2025,Miami Heat,New York Knicks,115,107,1,1
Sun Oct 26 2025,Cleveland Cavaliers,Milwaukee Bucks,118,113,1,1
Sun Oct 26 2025,Minnesota Timberwolves,Indiana Pacers,114,110,1,1
Sun Oct 26 2025,Dallas Mavericks,Toronto Raptors,139,129,1,1
Sun Oct 26 2025,Sacramento Kings,Los Angeles Lakers,120,127,1,0
Sun Oct 26 2025,Los Angeles Clippers,Portland Trail Blazers,114,107,1,1
Mon Oct 27 2025,Detroit Pistons,Cleveland Cavaliers,95,116,1,0
Mon Oct 27 2025,Philadelphia 76ers,Orlando Magic,136,124,1,1
Mon Oct 27 2025,Chicago Bulls,Atlanta Hawks,128,123,1,1
Mon Oct 27 2025,Houston Rockets,Brooklyn Nets,137,109,1,1
Mon Oct 27 2025,New Orleans Pelicans,Boston Celtics,90,122,1,0
Mon Oct 27 2025,San Antonio Spurs,Toronto Raptors,121,103,1,1
Mon Oct 27 2025,Dallas Mavericks,Oklahoma City Thunder,94,101,1,0
Mon Oct 27 2025,Utah Jazz,Phoenix Suns,138,134,1,1
Mon Oct 27 2025,Minnesota Timberwolves,Denver Nuggets,114,127,1,0
Mon Oct 27 2025,Golden State Warriors,Memphis Grizzlies,131,118,1,1
Mon Oct 27 2025,Los Angeles Lakers,Portland Trail Blazers,108,122,1,0
Tue Oct 28 2025,Washington Wizards,Philadelphia 76ers,134,139,1,0
Tue Oct 28 2025,Miami Heat,Charlotte Hornets,144,117,1,1
Tue Oct 28 2025,Milwaukee Bucks,New York Knicks,121,111,1,1
Tue Oct 28 2025,Oklahoma City Thunder,Sacramento Kings,107,101,1,1
Tue Oct 28 2025,Golden State Warriors,Los Angeles Clippers,98,79,1,1
Wed Oct 29 2025,Toronto Raptors,Houston Rockets,121,139,1,0
Wed Oct 29 2025,Boston Celtics,Cleveland Cavaliers,125,105,1,1
Wed Oct 29 2025,Detroit Pistons,Orlando Magic,135,116,1,1
Wed Oct 29 2025,Brooklyn Nets,Atlanta Hawks,112,117,1,0
Wed Oct 29 2025,Chicago Bulls,Sacramento Kings,126,113,1,1
Wed Oct 29 2025,Dallas Mavericks,Indiana Pacers,107,105,1,1
Wed Oct 29 2025,Utah Jazz,Portland Trail Blazers,134,136,1,0
Wed Oct 29 2025,Denver Nuggets,New Orleans Pelicans,122,88,1,1
Wed Oct 29 2025,Minnesota Timberwolves,Los Angeles Lakers,115,116,1,0
Wed Oct 29 2025,Phoenix Suns,Memphis Grizzlies,113,114,1,0
Thu Oct 30 2025,Charlotte Hornets,Orlando Magic,107,123,1,0
Thu Oct 30 2025,Milwaukee Bucks,Golden State Warriors,120,110,1,1
Thu Oct 30 2025,Oklahoma City Thunder,Washington Wizards,127,108,1,1
Thu Oct 30 2025,San Antonio Spurs,Miami Heat,107,101,1,1
Fri Oct 31 2025,Indiana Pacers,Atlanta Hawks,108,128,1,0
Fri Oct 31 2025,Philadelphia 76ers,Boston Celtics,108,109,1,0
Fri Oct 31 2025,Cleveland Cavaliers,Toronto Raptors,101,112,1,0
Fri Oct 31 2025,Chicago Bulls,New York Knicks,135,125,1,1
Fri Oct 31 2025,Memphis Grizzlies,Los Angeles Lakers,112,117,1,0
Fri Oct 31 2025,Phoenix Suns,Utah Jazz,118,96,1,1
Fri Oct 31 2025,Portland Trail Blazers,Denver Nuggets,109,107,1,1
Fri Oct 31 2025,Los Angeles Clippers,New Orleans Pelicans,126,124,1,1
Sat Nov 1 2025,Milwaukee Bucks,Sacramento Kings,133,135,1,0
Sat Nov 1 2025,Charlotte Hornets,Minnesota Timberwolves,105,122,1,0
Sat Nov 1 2025,Indiana Pacers,Golden State Warriors,114,109,1,1
Sat Nov 1 2025,Washington Wizards,Orlando Magic,94,125,1,0
Sat Nov 1 2025,Boston Celtics,Houston Rockets,101,128,1,0
Sat Nov 1 2025,Detroit Pistons,Dallas Mavericks,122,110,1,1
Sun Nov 2 2025,Oklahoma City Thunder,New Orleans Pelicans,137,106,1,1
Sun Nov 2 2025,Brooklyn Nets,Philadelphia 76ers,105,129,1,0
Sun Nov 2 2025,Charlotte Hornets,Utah Jazz,126,103,1,1
Sun Nov 2 2025,Cleveland Cavaliers,Atlanta Hawks,117,109,1,1
Sun Nov 2 2025,Toronto Raptors,Memphis Grizzlies,117,104,1,1
Sun Nov 2 2025,New York Knicks,Chicago Bulls,128,116,1,1
Sun Nov 2 2025,Phoenix Suns,San Antonio Spurs,130,118,1,1
Sun Nov 2 2025,Los Angeles Lakers,Miami Heat,130,120,1,1
Mon Nov 3 2025,Brooklyn Nets,Minnesota Timberwolves,109,125,1,0
Mon Nov 3 2025,Indiana Pacers,Milwaukee Bucks,115,117,1,0
Mon Nov 3 2025,Boston Celtics,Utah Jazz,103,105,1,0
Mon Nov 3 2025,New York Knicks,Washington Wizards,119,102,1,1
Mon Nov 3 2025,Houston Rockets,Dallas Mavericks,110,102,1,1
Mon Nov 3 2025,Memphis Grizzlies,Detroit Pistons,106,114,1,0
Mon Nov 3 2025,Denver Nuggets,Sacramento Kings,130,124,1,1
Mon Nov 3 2025,Portland Trail Blazers,Los Angeles Lakers,115,123,1,0
Mon Nov 3 2025,Los Angeles Clippers,Miami Heat,119,120,1,0
Tue Nov 4 2025,Toronto Raptors,Milwaukee Bucks,128,100,1,1
Tue Nov 4 2025,Atlanta Hawks,Orlando Magic,127,112,1,1
Tue Nov 4 2025,Chicago Bulls,Philadelphia 76ers,113,111,1,1
Tue Nov 4 2025,New Orleans Pelicans,Charlotte Hornets,116,112,1,1
Tue Nov 4 2025,Golden State Warriors,Phoenix Suns,118,107,1,1
Tue Nov 4 2025,Los Angeles Clippers,Oklahoma City Thunder,107,126,1,0
Wed Nov 5 2025,Cleveland Cavaliers,Philadelphia 76ers,132,121,1,1
Wed Nov 5 2025,Detroit Pistons,Utah Jazz,114,103,1,1
Wed Nov 5 2025,Indiana Pacers,Brooklyn Nets,103,112,1,0
Wed Nov 5 2025,Boston Celtics,Washington Wizards,136,107,1,1
Wed Nov 5 2025,New York Knicks,Minnesota Timberwolves,137,114,1,1
Wed Nov 5 2025,Memphis Grizzlies,Houston Rockets,109,124,1,0
Wed Nov 5 2025,Dallas Mavericks,New Orleans Pelicans,99,101,1,0
Wed Nov 5 2025,Denver Nuggets,Miami Heat,122,112,1,1
Wed Nov 5 2025,Los Angeles Lakers,San Antonio Spurs,118,116,1,1
Wed Nov 5 2025,Portland Trail Blazers,Oklahoma City Thunder,121,119,1,1
Wed Nov 5 2025,Sacramento Kings,Golden State Warriors,121,116,1,1
Thu Nov 6 2025,Phoenix Suns,Los Angeles Clippers,115,102,1,1
Fri Nov 7 2025,Orlando Magic,Boston Celtics,123,110,1,1
Fri Nov 7 2025,Washington Wizards,Cleveland Cavaliers,115,148,1,0
Fri Nov 7 2025,Atlanta Hawks,Toronto Raptors,97,109,1,0
Fri Nov 7 2025,Brooklyn Nets,Detroit Pistons,107,125,1,0
Fri Nov 7 2025,San Antonio Spurs,Houston Rockets,121,110,1,1
Fri Nov 7 2025,Memphis Grizzlies,Dallas Mavericks,118,104,1,1
Fri Nov 7 2025,Miami Heat,Charlotte Hornets,126,108,1,1
Fri Nov 7 2025,Milwaukee Bucks,Chicago Bulls,126,110,1,1
Fri Nov 7 2025,Minnesota Timberwolves,Utah Jazz,137,97,1,1
Fri Nov 7 2025,Denver Nuggets,Golden State Warriors,129,104,1,1
Fri Nov 7 2025,Sacramento Kings,Oklahoma City Thunder,101,132,1,0
Sat Nov 8 2025,Washington Wizards,Dallas Mavericks,105,111,1,0
Sat Nov 8 2025,Philadelphia 76ers,Toronto Raptors,130,120,1,1
Sat Nov 8 2025,Atlanta Hawks,Los Angeles Lakers,122,102,1,1
Sat Nov 8 2025,Cleveland Cavaliers,Chicago Bulls,128,122,1,1
Sat Nov 8 2025,Miami Heat,Portland Trail Blazers,136,131,1,1
Sat Nov 8 2025,San Antonio Spurs,New Orleans Pelicans,126,119,1,1
Sat Nov 8 2025,Denver Nuggets,Indiana Pacers,117,100,1,1
Sat Nov 8 2025,Los Angeles Clippers,Phoenix Suns,103,114,1,0
Sun Nov 9 2025,Milwaukee Bucks,Houston Rockets,115,122,1,0
Sun Nov 9 2025,Memphis Grizzlies,Oklahoma City Thunder,100,114,1,0
Sun Nov 9 2025,New York Knicks,Brooklyn Nets,134,98,1,1
Sun Nov 9 2025,Orlando Magic,Boston Celtics,107,111,1,0
Sun Nov 9 2025,Philadelphia 76ers,Detroit Pistons,108,111,1,0
Sun Nov 9 2025,Golden State Warriors,Indiana Pacers,114,83,1,1
Sun Nov 9 2025,Sacramento Kings,Minnesota Timberwolves,117,144,1,0
Mon Nov 10 2025,Charlotte Hornets,Los Angeles Lakers,111,121,1,0
Mon Nov 10 2025,Detroit Pistons,Washington Wizards,137,135,1,1
Mon Nov 10 2025,Orlando Magic,Portland Trail Blazers,115,112,1,1
Mon Nov 10 2025,Miami Heat,Cleveland Cavaliers,140,138,1,1
Mon Nov 10 2025,Chicago Bulls,San Antonio Spurs,117,121,1,0
Mon Nov 10 2025,Dallas Mavericks,Milwaukee Bucks,114,116,1,0
Mon Nov 10 2025,Phoenix Suns,New Orleans Pelicans,121,98,1,1
Mon Nov 10 2025,Utah Jazz,Minnesota Timberwolves,113,120,1,0
Mon Nov 10 2025,Los Angeles Clippers,Atlanta Hawks,102,105,1,0
Tue Nov 11 2025,Brooklyn Nets,Toronto Raptors,109,119,1,0
Tue Nov 11 2025,New York Knicks,Memphis Grizzlies,133,120,1,1
Tue Nov 11 2025,Oklahoma City Thunder,Golden State Warriors,126,102,1,1
Tue Nov 11 2025,Philadelphia 76ers,Boston Celtics,102,100,1,1
Tue Nov 11 2025,Utah Jazz,Indiana Pacers,152,128,1,1
Tue Nov 11 2025,Sacramento Kings,Denver Nuggets,108,122,1,0
Wed Nov 12 2025,Charlotte Hornets,Milwaukee Bucks,111,100,1,1
Wed Nov 12 2025,Detroit Pistons,Chicago Bulls,124,113,1,1
Wed Nov 12 2025,New York Knicks,Orlando Magic,107,124,1,0
Wed Nov 12 2025,Boston Celtics,Memphis Grizzlies,131,95,1,1
Wed Nov 12 2025,Miami Heat,Cleveland Cavaliers,116,130,1,0
Wed Nov 12 2025,Houston Rockets,Washington Wizards,135,112,1,1
Wed Nov 12 2025,New Orleans Pelicans,Portland Trail Blazers,117,125,1,0
Wed Nov 12 2025,San Antonio Spurs,Golden State Warriors,120,125,1,0
Wed Nov 12 2025,Dallas Mavericks,Phoenix Suns,114,123,1,0
Wed Nov 12 2025,Oklahoma City Thunder,Los Angeles Lakers,121,92,1,1
Wed Nov 12 2025,Sacramento Kings,Atlanta Hawks,100,133,1,0
Wed Nov 12 2025,Los Angeles Clippers,Denver Nuggets,116,130,1,0
Thu Nov 13 2025,Cleveland Cavaliers,Toronto Raptors,113,126,1,0
Thu Nov 13 2025,Phoenix Suns,Indiana Pacers,133,98,1,1
Thu Nov 13 2025,Utah Jazz,Atlanta Hawks,122,132,1,0
Fri Nov 14 2025,New York Knicks,Miami Heat,140,132,1,1
Fri Nov 14 2025,Orlando Magic,Brooklyn Nets,105,98,1,1
Fri Nov 14 2025,Detroit Pistons,Philadelphia 76ers,114,105,1,1
Fri Nov 14 2025,Houston Rockets,Portland Trail Blazers,140,116,1,1
Fri Nov 14 2025,Milwaukee Bucks,Charlotte Hornets,147,134,1,1
Fri Nov 14 2025,Minnesota Timberwolves,Sacramento Kings,124,110,1,1
Fri Nov 14 2025,New Orleans Pelicans,Los Angeles Lakers,104,118,1,0
Fri Nov 14 2025,Dallas Mavericks,Los Angeles Clippers,127,133,1,0
Fri Nov 14 2025,San Antonio Spurs,Golden State Warriors,108,109,1,0
Sat Nov 15 2025,Cleveland Cavaliers,Memphis Grizzlies,108,100,1,1
Sat Nov 15 2025,Charlotte Hornets,Oklahoma City Thunder,96,109,1,0
Sat Nov 15 2025,Indiana Pacers,Toronto Raptors,111,129,1,0
Sat Nov 15 2025,Milwaukee Bucks,Los Angeles Lakers,95,119,1,0
Sat Nov 15 2025,Minnesota Timberwolves,Denver Nuggets,112,123,1,0
Sun Nov 16 2025,Boston Celtics,Los Angeles Clippers,121,118,1,1
Sun Nov 16 2025,San Antonio Spurs,Sacramento Kings,123,110,1,1
Sun Nov 16 2025,Washington Wizards,Brooklyn Nets,106,129,1,0
Sun Nov 16 2025,Houston Rockets,Orlando Magic,117,113,1,1
Sun Nov 16 2025,New Orleans Pelicans,Golden State Warriors,106,124,1,0
Sun Nov 16 2025,Dallas Mavericks,Portland Trail Blazers,138,133,1,1
Sun Nov 16 2025,Phoenix Suns,Atlanta Hawks,122,124,1,0
Sun Nov 16 2025,Utah Jazz,Chicago Bulls,150,147,1,1
Mon Nov 17 2025,Cleveland Cavaliers,Milwaukee Bucks,118,106,1,1
Mon Nov 17 2025,Detroit Pistons,Indiana Pacers,127,112,1,1
Mon Nov 17 2025,Philadelphia 76ers,Los Angeles Clippers,110,108,1,1
Mon Nov 17 2025,Miami Heat,New York Knicks,115,113,1,1
Mon Nov 17 2025,Toronto Raptors,Charlotte Hornets,110,108,1,1
Mon Nov 17 2025,Minnesota Timberwolves,Dallas Mavericks,120,96,1,1
Mon Nov 17 2025,New Orleans Pelicans,Oklahoma City Thunder,109,126,1,0
Mon Nov 17 2025,Denver Nuggets,Chicago Bulls,127,130,1,0
Tue Nov 18 2025,Orlando Magic,Golden State Warriors,121,113,1,1
Tue Nov 18 2025,Atlanta Hawks,Detroit Pistons,112,120,1,0
Tue Nov 18 2025,Brooklyn Nets,Boston Celtics,99,113,1,0
Tue Nov 18 2025,San Antonio Spurs,Memphis Grizzlies,111,101,1,1
Tue Nov 18 2025,Los Angeles Lakers,Utah Jazz,140,126,1,1
Tue Nov 18 2025,Portland Trail Blazers,Phoenix Suns,110,127,1,0
Wed Nov 19 2025,Cleveland Cavaliers,Houston Rockets,104,114,1,0
Wed Nov 19 2025,Indiana Pacers,Charlotte Hornets,127,118,1,1
Wed Nov 19 2025,Philadelphia 76ers,Toronto Raptors,112,121,1,0
Wed Nov 19 2025,Miami Heat,Golden State Warriors,110,96,1,1
Wed Nov 19 2025,Minnesota Timberwolves,Washington Wizards,120,109,1,1
Wed Nov 19 2025,New Orleans Pelicans,Denver Nuggets,118,125,1,0
Wed Nov 19 2025,Oklahoma City Thunder,Sacramento Kings,113,99,1,1
Wed Nov 19 2025,Dallas Mavericks,New York Knicks,111,113,1,0
Wed Nov 19 2025,Portland Trail Blazers,Chicago Bulls,121,122,1,0
Thu Nov 20 2025,Orlando Magic,Los Angeles Clippers,129,101,1,1
Thu Nov 20 2025,Memphis Grizzlies,Sacramento Kings,137,96,1,1
Thu Nov 20 2025,Milwaukee Bucks,Philadelphia 76ers,114,123,1,0
Thu Nov 20 2025,San Antonio Spurs,Atlanta Hawks,135,126,1,1
Fri Nov 21 2025,Cleveland Cavaliers,Indiana Pacers,120,109,1,1
Fri Nov 21 2025,Boston Celtics,Brooklyn Nets,105,113,1,0
Fri Nov 21 2025,Toronto Raptors,Washington Wizards,140,110,1,1
Fri Nov 21 2025,Chicago Bulls,Miami Heat,107,143,1,0
Fri Nov 21 2025,Dallas Mavericks,New Orleans Pelicans,118,115,1,1
Fri Nov 21 2025,Phoenix Suns,Minnesota Timberwolves,114,113,1,1
Fri Nov 21 2025,Houston Rockets,Denver Nuggets,109,112,1,0
Fri Nov 21 2025,Golden State Warriors,Portland Trail Blazers,123,127,1,0
Fri Nov 21 2025,Utah Jazz,Oklahoma City Thunder,112,144,1,0
Sat Nov 22 2025,Charlotte Hornets,Los Angeles Clippers,116,131,1,0
Sat Nov 22 2025,Orlando Magic,New York Knicks,133,121,1,1
Sat Nov 22 2025,New Orleans Pelicans,Atlanta Hawks,98,115,1,0
Sat Nov 22 2025,Chicago Bulls,Washington Wizards,121,120,1,1
Sat Nov 22 2025,Milwaukee Bucks,Detroit Pistons,116,129,1,0
Sat Nov 22 2025,Dallas Mavericks,Memphis Grizzlies,96,102,1,0
Sat Nov 22 2025,Denver Nuggets,Sacramento Kings,123,128,1,0
Sun Nov 23 2025,Philadelphia 76ers,Miami Heat,117,127,1,0
Sun Nov 23 2025,Atlanta Hawks,Charlotte Hornets,113,110,1,1
Sun Nov 23 2025,Boston Celtics,Orlando Magic,138,129,1,1
Sun Nov 23 2025,Cleveland Cavaliers,Los Angeles Clippers,120,105,1,1
Sun Nov 23 2025,Toronto Raptors,Brooklyn Nets,119,109,1,1
Sun Nov 23 2025,Oklahoma City Thunder,Portland Trail Blazers,122,95,1,1
Sun Nov 23 2025,Phoenix Suns,San Antonio Spurs,111,102,1,1
Sun Nov 23 2025,Utah Jazz,Los Angeles Lakers,106,108,1,0
Mon Nov 24 2025,Indiana Pacers,Detroit Pistons,117,122,1,0
Mon Nov 24 2025,Toronto Raptors,Cleveland Cavaliers,110,99,1,1
Mon Nov 24 2025,Brooklyn Nets,New York Knicks,100,113,1,0
Mon Nov 24 2025,Miami Heat,Dallas Mavericks,106,102,1,1
Mon Nov 24 2025,Memphis Grizzlies,Denver Nuggets,115,125,1,0
Mon Nov 24 2025,Milwaukee Bucks,Portland Trail Blazers,103,115,1,0
Mon Nov 24 2025,New Orleans Pelicans,Chicago Bulls,143,130,1,1
Mon Nov 24 2025,Phoenix Suns,Houston Rockets,92,114,1,0
Mon Nov 24 2025,Golden State Warriors,Utah Jazz,134,117,1,1
Mon Nov 24 2025,Sacramento Kings,Minnesota Timberwolves,117,112,1,1
Tue Nov 25 2025,Washington Wizards,Atlanta Hawks,132,113,1,1
Tue Nov 25 2025,Philadelphia 76ers,Orlando Magic,103,144,1,0
Tue Nov 25 2025,Los Angeles Lakers,Los Angeles Clippers,135,118,1,1
Wed Nov 26 2025,Boston Celtics,Detroit Pistons,117,114,1,1
Wed Nov 26 2025,Charlotte Hornets,New York Knicks,101,129,1,0
Wed Nov 26 2025,Miami Heat,Milwaukee Bucks,106,103,1,1
Wed Nov 26 2025,Oklahoma City Thunder,Minnesota Timberwolves,113,105,1,1
Wed Nov 26 2025,Toronto Raptors,Indiana Pacers,97,95,1,1
Wed Nov 26 2025,New Orleans Pelicans,Memphis Grizzlies,128,133,1,0
Wed Nov 26 2025,Golden State Warriors,Houston Rockets,100,104,1,0
Wed Nov 26 2025,Portland Trail Blazers,San Antonio Spurs,102,115,1,0
Wed Nov 26 2025,Sacramento Kings,Phoenix Suns,100,112,1,0
Fri Nov 28 2025,Atlanta Hawks,Cleveland Cavaliers,130,123,1,1
Fri Nov 28 2025,Brooklyn Nets,Philadelphia 76ers,103,115,1,0
Fri Nov 28 2025,Charlotte Hornets,Chicago Bulls,123,116,1,1
Fri Nov 28 2025,Detroit Pistons,Orlando Magic,109,112,1,0
Fri Nov 28 2025,Indiana Pacers,Washington Wizards,119,86,1,1
Fri Nov 28 2025,New York Knicks,Milwaukee Bucks,118,109,1,1
Fri Nov 28 2025,Denver Nuggets,San Antonio Spurs,136,139,1,0
Fri Nov 28 2025,Oklahoma City Thunder,Phoenix Suns,123,119,1,1
Fri Nov 28 2025,Utah Jazz,Sacramento Kings,128,119,1,1
Fri Nov 28 2025,Los Angeles Clippers,Memphis Grizzlies,107,112,1,0
Fri Nov 28 2025,Los Angeles Lakers,Dallas Mavericks,129,119,1,1
Sat Nov 29 2025,Minnesota Timberwolves,Boston Celtics,119,115,1,1
Sat Nov 29 2025,Charlotte Hornets,Toronto Raptors,118,111,1,1
Sat Nov 29 2025,Indiana Pacers,Chicago Bulls,103,101,1,1
Sat Nov 29 2025,Miami Heat,Detroit Pistons,135,138,1,0
Sat Nov 29 2025,Milwaukee Bucks,Brooklyn Nets,116,99,1,1
Sat Nov 29 2025,Golden State Warriors,New Orleans Pelicans,104,96,1,1
Sat Nov 29 2025,Phoenix Suns,Denver Nuggets,112,130,1,0
Sat Nov 29 2025,Los Angeles Clippers,Dallas Mavericks,110,114,1,0
Sun Nov 30 2025,Utah Jazz,Houston Rockets,101,129,1,0
Sun Nov 30 2025,Cleveland Cavaliers,Boston Celtics,115,117,1,0
Sun Nov 30 2025,New York Knicks,Toronto Raptors,116,94,1,1
Sun Nov 30 2025,Philadelphia 76ers,Atlanta Hawks,134,142,1,0
Sun Nov 30 2025,Portland Trail Blazers,Oklahoma City Thunder,115,123,1,0
Sun Nov 30 2025,Minnesota Timberwolves,San Antonio Spurs,125,112,1,1
Sun Nov 30 2025,Sacramento Kings,Memphis Grizzlies,107,115,1,0
Sun Nov 30 2025,Los Angeles Lakers,New Orleans Pelicans,133,121,1,1
Mon Dec 1 2025,Detroit Pistons,Atlanta Hawks,99,98,1,1
Mon Dec 1 2025,Indiana Pacers,Cleveland Cavaliers,119,135,1,0
Mon Dec 1 2025,Washington Wizards,Milwaukee Bucks,129,126,1,1
Mon Dec 1 2025,Brooklyn Nets,Charlotte Hornets,116,103,1,1
Mon Dec 1 2025,Miami Heat,Los Angeles Clippers,140,123,1,1
Mon Dec 1 2025,Orlando Magic,Chicago Bulls,125,120,1,1
Mon Dec 1 2025,Denver Nuggets,Dallas Mavericks,121,131,1,0
Mon Dec 1 2025,Utah Jazz,Houston Rockets,133,125,1,1
Mon Dec 1 2025,Los Angeles Lakers,Phoenix Suns,108,125,1,0
Tue Dec 2 2025,Philadelphia 76ers,Washington Wizards,121,102,1,1
Tue Dec 2 2025,Toronto Raptors,Portland Trail Blazers,121,118,1,1
Tue Dec 2 2025,Boston Celtics,New York Knicks,123,117,1,1
Tue Dec 2 2025,New Orleans Pelicans,Minnesota Timberwolves,142,149,1,0
Tue Dec 2 2025,San Antonio Spurs,Memphis Grizzlies,126,119,1,1
Tue Dec 2 2025,Golden State Warriors,Oklahoma City Thunder,112,124,1,0
Wed Dec 3 2025,Cleveland Cavaliers,Portland Trail Blazers,110,122,1,0
Wed Dec 3 2025,Indiana Pacers,Denver Nuggets,120,135,1,0
Wed Dec 3 2025,Orlando Magic,San Antonio Spurs,112,114,1,0
Wed Dec 3 2025,Atlanta Hawks,Los Angeles Clippers,92,115,1,0
Wed Dec 3 2025,New York Knicks,Charlotte Hornets,119,104,1,1
Wed Dec 3 2025,Chicago Bulls,Brooklyn Nets,103,113,1,0
Wed Dec 3 2025,Houston Rockets,Sacramento Kings,121,95,1,1
Wed Dec 3 2025,Milwaukee Bucks,Detroit Pistons,113,109,1,1
Wed Dec 3 2025,Dallas Mavericks,Miami Heat,118,108,1,1
Thu Dec 4 2025,Philadelphia 76ers,Golden State Warriors,99,98,1,1
Thu Dec 4 2025,Washington Wizards,Boston Celtics,101,146,1,0
Thu Dec 4 2025,Brooklyn Nets,Utah Jazz,110,123,1,0
Thu Dec 4 2025,Toronto Raptors,Los Angeles Lakers,120,123,1,0
Thu Dec 4 2025,New Orleans Pelicans,Minnesota Timberwolves,116,125,1,0
Fri Dec 5 2025,Boston Celtics,Los Angeles Lakers,126,105,1,1
Fri Dec 5 2025,Orlando Magic,Miami Heat,106,105,1,1
Fri Dec 5 2025,Atlanta Hawks,Denver Nuggets,133,134,1,0
Fri Dec 5 2025,Cleveland Cavaliers,San Antonio Spurs,130,117,1,1
Fri Dec 5 2025,Detroit Pistons,Portland Trail Blazers,122,116,1,1
Fri Dec 5 2025,New York Knicks,Utah Jazz,146,112,1,1
Fri Dec 5 2025,Toronto Raptors,Charlotte Hornets,86,111,1,0
Fri Dec 5 2025,Chicago Bulls,Indiana Pacers,105,120,1,0
Fri Dec 5 2025,Houston Rockets,Phoenix Suns,117,98,1,1
Fri Dec 5 2025,Memphis Grizzlies,Los Angeles Clippers,107,98,1,1
Fri Dec 5 2025,Milwaukee Bucks,Philadelphia 76ers,101,116,1,0
Fri Dec 5 2025,Oklahoma City Thunder,Dallas Mavericks,132,111,1,1
Sat Dec 6 2025,Brooklyn Nets,New Orleans Pelicans,119,101,1,1
Sat Dec 6 2025,Washington Wizards,Atlanta Hawks,116,131,1,0
Sat Dec 6 2025,Cleveland Cavaliers,Golden State Warriors,94,99,1,0
Sat Dec 6 2025,Detroit Pistons,Milwaukee Bucks,124,112,1,1
Sat Dec 6 2025,Miami Heat,Sacramento Kings,111,127,1,0
Sat Dec 6 2025,Minnesota Timberwolves,Los Angeles Clippers,109,106,1,1
Sat Dec 6 2025,Dallas Mavericks,Houston Rockets,122,109,1,1
Sun Dec 7 2025,New York Knicks,Orlando Magic,106,100,1,1
Sun Dec 7 2025,Toronto Raptors,Boston Celtics,113,121,1,0
Sun Dec 7 2025,Charlotte Hornets,Denver Nuggets,106,115,1,0
Sun Dec 7 2025,Memphis Grizzlies,Portland Trail Blazers,119,96,1,1
Sun Dec 7 2025,Chicago Bulls,Golden State Warriors,91,123,1,0
Sun Dec 7 2025,Philadelphia 76ers,Los Angeles Lakers,108,112,1,0
Sun Dec 7 2025,Utah Jazz,Oklahoma City Thunder,101,131,1,0
Mon Dec 8 2025,Indiana Pacers,Sacramento Kings,116,105,1,1
Mon Dec 8 2025,Minnesota Timberwolves,Phoenix Suns,105,108,1,0
Mon Dec 8 2025,New Orleans Pelicans,San Antonio Spurs,132,135,1,0
Tue Dec 9 2025,Orlando Magic,Miami Heat,117,108,1,1
Tue Dec 9 2025,Toronto Raptors,New York Knicks,101,117,1,0
Wed Dec 10 2025,Oklahoma City Thunder,Phoenix Suns,138,89,1,1
Wed Dec 10 2025,Los Angeles Lakers,San Antonio Spurs,119,132,1,0
Thu Dec 11 2025,Houston Rockets,Los Angeles Clippers,115,113,1,1
Thu Dec 11 2025,Milwaukee Bucks,Boston Celtics,116,101,1,1
Thu Dec 11 2025,New Orleans Pelicans,Portland Trail Blazers,143,120,1,1
Thu Dec 11 2025,Sacramento Kings,Denver Nuggets,105,136,1,0
Fri Dec 12 2025,Charlotte Hornets,Chicago Bulls,126,129,1,0
Fri Dec 12 2025,Detroit Pistons,Atlanta Hawks,142,115,1,1
Fri Dec 12 2025,Philadelphia 76ers,Indiana Pacers,115,105,1,1
Fri Dec 12 2025,Washington Wizards,Cleveland Cavaliers,126,130,1,0
Fri Dec 12 2025,Memphis Grizzlies,Utah Jazz,126,130,1,0
Fri Dec 12 2025,Dallas Mavericks,Brooklyn Nets,119,111,1,1
Fri Dec 12 2025,Golden State Warriors,Minnesota Timberwolves,120,127,1,0
Sat Dec 13 2025,Orlando Magic,New York Knicks,120,132,1,0
Sat Dec 13 2025,Oklahoma City Thunder,San Antonio Spurs,109,111,1,0
Sun Dec 14 2025,Indiana Pacers,Washington Wizards,89,108,1,0
Sun Dec 14 2025,Cleveland Cavaliers,Charlotte Hornets,111,119,1,0
Sun Dec 14 2025,Atlanta Hawks,Philadelphia 76ers,120,117,1,1
Sun Dec 14 2025,Brooklyn Nets,Milwaukee Bucks,127,82,1,1
Sun Dec 14 2025,Chicago Bulls,New Orleans Pelicans,104,114,1,0
Sun Dec 14 2025,Minnesota Timberwolves,Sacramento Kings,117,103,1,1
Sun Dec 14 2025,Phoenix Suns,Los Angeles Lakers,114,116,1,0
Sun Dec 14 2025,Portland Trail Blazers,Golden State Warriors,136,131,1,1
Mon Dec 15 2025,Boston Celtics,Detroit Pistons,105,112,1,0
Mon Dec 15 2025,Miami Heat,Toronto Raptors,96,106,1,0
Mon Dec 15 2025,Utah Jazz,Dallas Mavericks,140,133,1,1
Mon Dec 15 2025,Denver Nuggets,Houston Rockets,128,125,1,1
Mon Dec 15 2025,Los Angeles Clippers,Memphis Grizzlies,103,121,1,0
Tue Dec 16 2025,New York Knicks,San Antonio Spurs,124,113,1,1
Wed Dec 17 2025,Chicago Bulls,Cleveland Cavaliers,127,111,1,1
Wed Dec 17 2025,Minnesota Timberwolves,Memphis Grizzlies,110,116,1,0
Thu Dec 18 2025,Charlotte Hornets,Atlanta Hawks,133,126,1,1
Thu Dec 18 2025,Indiana Pacers,New York Knicks,113,114,1,0
Thu Dec 18 2025,Brooklyn Nets,Miami Heat,95,106,1,0
Thu Dec 18 2025,Milwaukee Bucks,Toronto Raptors,105,111,1,0
Thu Dec 18 2025,New Orleans Pelicans,Houston Rockets,133,128,1,1
Thu Dec 18 2025,Oklahoma City Thunder,Los Angeles Clippers,122,101,1,1
Thu Dec 18 2025,San Antonio Spurs,Washington Wizards,119,94,1,1
Thu Dec 18 2025,Dallas Mavericks,Detroit Pistons,116,114,1,1
Thu Dec 18 2025,Denver Nuggets,Orlando Magic,126,115,1,1
Thu Dec 18 2025,Phoenix Suns,Golden State Warriors,99,98,1,1
Thu Dec 18 2025,Utah Jazz,Los Angeles Lakers,135,143,1,0
Thu Dec 18 2025,Portland Trail Blazers,Sacramento Kings,134,133,1,1
Fri Dec 19 2025,Boston Celtics,Miami Heat,129,116,1,1
Fri Dec 19 2025,New York Knicks,Philadelphia 76ers,107,116,1,0
Fri Dec 19 2025,Atlanta Hawks,San Antonio Spurs,98,126,1,0
Fri Dec 19 2025,Cleveland Cavaliers,Chicago Bulls,125,136,1,0
Fri Dec 19 2025,Minnesota Timberwolves,Oklahoma City Thunder,112,107,1,1
Sat Dec 20 2025,Denver Nuggets,Houston Rockets,101,115,1,0
Sat Dec 20 2025,New Orleans Pelicans,Indiana Pacers,128,109,1,1
Sat Dec 20 2025,Philadelphia 76ers,Dallas Mavericks,121,114,1,1
Sat Dec 20 2025,Toronto Raptors,Boston Celtics,96,112,1,0
Sat Dec 20 2025,Detroit Pistons,Charlotte Hornets,112,86,1,1
Sat Dec 20 2025,Memphis Grizzlies,Washington Wizards,122,130,1,0
Sat Dec 20 2025,Golden State Warriors,Phoenix Suns,119,116,1,1
Sat Dec 20 2025,Utah Jazz,Orlando Magic,127,128,1,0
Sat Dec 20 2025,Sacramento Kings,Portland Trail Blazers,93,98,1,0
Sat Dec 20 2025,Los Angeles Clippers,Los Angeles Lakers,103,88,1,1
Sun Dec 21 2025,Atlanta Hawks,Chicago Bulls,150,152,1,0
Sun Dec 21 2025,Brooklyn Nets,Toronto Raptors,96,81,1,1
Sun Dec 21 2025,New York Knicks,Miami Heat,132,125,1,1
Sun Dec 21 2025,Minnesota Timberwolves,Milwaukee Bucks,103,100,1,1
Sun Dec 21 2025,Washington Wizards,San Antonio Spurs,113,124,1,0
Sun Dec 21 2025,Sacramento Kings,Houston Rockets,125,124,1,1
Mon Dec 22 2025,Cleveland Cavaliers,Charlotte Hornets,139,132,1,1
Mon Dec 22 2025,Boston Celtics,Indiana Pacers,103,95,1,1
Mon Dec 22 2025,New Orleans Pelicans,Dallas Mavericks,119,113,1,1
Mon Dec 22 2025,Denver Nuggets,Utah Jazz,135,112,1,1
Mon Dec 22 2025,Oklahoma City Thunder,Memphis Grizzlies,119,103,1,1
Mon Dec 22 2025,Golden State Warriors,Orlando Magic,120,97,1,1
Mon Dec 22 2025,Portland Trail Blazers,Detroit Pistons,102,110,1,0
Tue Dec 23 2025,Charlotte Hornets,Washington Wizards,126,109,1,1
Tue Dec 23 2025,Philadelphia 76ers,Brooklyn Nets,106,114,1,0
Tue Dec 23 2025,Atlanta Hawks,Chicago Bulls,123,126,1,0
Tue Dec 23 2025,Cleveland Cavaliers,New Orleans Pelicans,141,118,1,1
Tue Dec 23 2025,Indiana Pacers,Milwaukee Bucks,94,111,1,0
Tue Dec 23 2025,Miami Heat,Toronto Raptors,91,112,1,0
Tue Dec 23 2025,Dallas Mavericks,Denver Nuggets,131,130,1,1
Tue Dec 23 2025,Minnesota Timberwolves,New York Knicks,115,104,1,1
Tue Dec 23 2025,San Antonio Spurs,Oklahoma City Thunder,130,110,1,1
Tue Dec 23 2025,Phoenix Suns,Los Angeles Lakers,132,108,1,1
Tue Dec 23 2025,Utah Jazz,Memphis Grizzlies,128,137,1,0
Tue Dec 23 2025,Portland Trail Blazers,Orlando Magic,106,110,1,0
Tue Dec 23 2025,Sacramento Kings,Detroit Pistons,127,136,1,0
Tue Dec 23 2025,Los Angeles Clippers,Houston Rockets,128,108,1,1
Thu Dec 25 2025,New York Knicks,Cleveland Cavaliers,126,124,1,1
Thu Dec 25 2025,Oklahoma City Thunder,San Antonio Spurs,102,117,1,0
Thu Dec 25 2025,Golden State Warriors,Dallas Mavericks,126,116,1,1
Thu Dec 25 2025,Los Angeles Lakers,Houston Rockets,96,119,1,0
Thu Dec 25 2025,Denver Nuggets,Minnesota Timberwolves,142,138,1,1
Fri Dec 26 2025,Atlanta Hawks,Miami Heat,111,126,1,0
Fri Dec 26 2025,Indiana Pacers,Boston Celtics,122,140,1,0
Fri Dec 26 2025,Orlando Magic,Charlotte Hornets,105,120,1,0
Fri Dec 26 2025,Washington Wizards,Toronto Raptors,138,117,1,1
Fri Dec 26 2025,Chicago Bulls,Philadelphia 76ers,109,102,1,1
Fri Dec 26 2025,Memphis Grizzlies,Milwaukee Bucks,125,104,1,1
Fri Dec 26 2025,New Orleans Pelicans,Phoenix Suns,108,115,1,0
Fri Dec 26 2025,Utah Jazz,Detroit Pistons,131,129,1,1
Fri Dec 26 2025,Portland Trail Blazers,Los Angeles Clippers,103,119,1,0
Sat Dec 27 2025,Sacramento Kings,Dallas Mavericks,113,107,1,1
Sat Dec 27 2025,New Orleans Pelicans,Phoenix Suns,114,123,1,0
Sat Dec 27 2025,Orlando Magic,Denver Nuggets,127,126,1,1
Sat Dec 27 2025,Atlanta Hawks,New York Knicks,125,128,1,0
Sat Dec 27 2025,Chicago Bulls,Milwaukee Bucks,103,112,1,0
Sat Dec 27 2025,Houston Rockets,Cleveland Cavaliers,117,100,1,1
Sat Dec 27 2025,Miami Heat,Indiana Pacers,142,116,1,1
Sat Dec 27 2025,Minnesota Timberwolves,Brooklyn Nets,107,123,1,0
Sat Dec 27 2025,San Antonio Spurs,Utah Jazz,114,127,1,0
Tue Oct 21 2025,Houston Rockets,Oklahoma City Thunder,124,125,0,0
Tue Oct 21 2025,Golden State Warriors,Los Angeles Lakers,119,109,0,1
Wed Oct 22 2025,Brooklyn Nets,Charlotte Hornets,117,136,0,0
Wed Oct 22 2025,Cleveland Cavaliers,New York Knicks,111,119,0,0
Wed Oct 22 2025,Miami Heat,Orlando Magic,121,125,0,0
Wed Oct 22 2025,Philadelphia 76ers,Boston Celtics,117,116,0,1
Wed Oct 22 2025,Toronto Raptors,Atlanta Hawks,138,118,0,1
Wed Oct 22 2025,Detroit Pistons,Chicago Bulls,111,115,0,0
Wed Oct 22 2025,New Orleans Pelicans,Memphis Grizzlies,122,128,0,0
Wed Oct 22 2025,Washington Wizards,Milwaukee Bucks,120,133,0,0
Wed Oct 22 2025,Los Angeles Clippers,Utah Jazz,108,129,0,0
Wed Oct 22 2025,San Antonio Spurs,Dallas Mavericks,125,92,0,1
Wed Oct 22 2025,Minnesota Timberwolves,Portland Trail Blazers,118,114,0,1
Wed Oct 22 2025,Sacramento Kings,Phoenix Suns,116,120,0,0
Thu Oct 23 2025,Oklahoma City Thunder,Indiana Pacers,141,135,0,1
Thu Oct 23 2025,Denver Nuggets,Golden State Warriors,131,137,0,0
Fri Oct 24 2025,Milwaukee Bucks,Toronto Raptors,122,116,0,1
Fri Oct 24 2025,Atlanta Hawks,Orlando Magic,111,107,0,1
Fri Oct 24 2025,Cleveland Cavaliers,Brooklyn Nets,131,124,0,1
Fri Oct 24 2025,Boston Celtics,New York Knicks,95,105,0,0
Fri Oct 24 2025,Detroit Pistons,Houston Rockets,115,111,0,1
Fri Oct 24 2025,San Antonio Spurs,New Orleans Pelicans,120,116,0,1
Fri Oct 24 2025,Miami Heat,Memphis Grizzlies,146,114,0,1
Fri Oct 24 2025,Washington Wizards,Dallas Mavericks,117,107,0,1
Fri Oct 24 2025,Minnesota Timberwolves,Los Angeles Lakers,110,128,0,0
Fri Oct 24 2025,Golden State Warriors,Portland Trail Blazers,119,139,0,0
Fri Oct 24 2025,Utah Jazz,Sacramento Kings,104,105,0,0
Fri Oct 24 2025,Phoenix Suns,Los Angeles Clippers,102,129,0,0
Sat Oct 25 2025,Chicago Bulls,Orlando Magic,110,98,0,1
Sat Oct 25 2025,Oklahoma City Thunder,Atlanta Hawks,117,100,0,1
Sat Oct 25 2025,Charlotte Hornets,Philadelphia 76ers,121,125,0,0
Sat Oct 25 2025,Indiana Pacers,Memphis Grizzlies,103,128,0,0
Sat Oct 25 2025,Phoenix Suns,Denver Nuggets,111,133,0,0
Sun Oct 26 2025,Brooklyn Nets,San Antonio Spurs,107,118,0,0
Sun Oct 26 2025,Boston Celtics,Detroit Pistons,113,119,0,0
Sun Oct 26 2025,Charlotte Hornets,Washington Wizards,139,113,0,1
Sun Oct 26 2025,New York Knicks,Miami Heat,107,115,0,0
Sun Oct 26 2025,Milwaukee Bucks,Cleveland Cavaliers,113,118,0,0
Sun Oct 26 2025,Indiana Pacers,Minnesota Timberwolves,110,114,0,0
Sun Oct 26 2025,Toronto Raptors,Dallas Mavericks,129,139,0,0
Sun Oct 26 2025,Los Angeles Lakers,Sacramento Kings,127,120,0,1
Sun Oct 26 2025,Portland Trail Blazers,Los Angeles Clippers,107,114,0,0
Mon Oct 27 2025,Cleveland Cavaliers,Detroit Pistons,116,95,0,1
Mon Oct 27 2025,Orlando Magic,Philadelphia 76ers,124,136,0,0
Mon Oct 27 2025,Atlanta Hawks,Chicago Bulls,123,128,0,0
Mon Oct 27 2025,Brooklyn Nets,Houston Rockets,109,137,0,0
Mon Oct 27 2025,Boston Celtics,New Orleans Pelicans,122,90,0,1
Mon Oct 27 2025,Toronto Raptors,San Antonio Spurs,103,121,0,0
Mon Oct 27 2025,Oklahoma City Thunder,Dallas Mavericks,101,94,0,1
Mon Oct 27 2025,Phoenix Suns,Utah Jazz,134,138,0,0
Mon Oct 27 2025,Denver Nuggets,Minnesota Timberwolves,127,114,0,1
Mon Oct 27 2025,Memphis Grizzlies,Golden State Warriors,118,131,0,0
Mon Oct 27 2025,Portland Trail Blazers,Los Angeles Lakers,122,108,0,1
Tue Oct 28 2025,Philadelphia 76ers,Washington Wizards,139,134,0,1
Tue Oct 28 2025,Charlotte Hornets,Miami Heat,117,144,0,0
Tue Oct 28 2025,New York Knicks,Milwaukee Bucks,111,121,0,0
Tue Oct 28 2025,Sacramento Kings,Oklahoma City Thunder,101,107,0,0
Tue Oct 28 2025,Los Angeles Clippers,Golden State Warriors,79,98,0,0
Wed Oct 29 2025,Houston Rockets,Toronto Raptors,139,121,0,1
Wed Oct 29 2025,Cleveland Cavaliers,Boston Celtics,105,125,0,0
Wed Oct 29 2025,Orlando Magic,Detroit Pistons,116,135,0,0
Wed Oct 29 2025,Atlanta Hawks,Brooklyn Nets,117,112,0,1
Wed Oct 29 2025,Sacramento Kings,Chicago Bulls,113,126,0,0
Wed Oct 29 2025,Indiana Pacers,Dallas Mavericks,105,107,0,0
Wed Oct 29 2025,Portland Trail Blazers,Utah Jazz,136,134,0,1
Wed Oct 29 2025,New Orleans Pelicans,Denver Nuggets,88,122,0,0
Wed Oct 29 2025,Los Angeles Lakers,Minnesota Timberwolves,116,115,0,1
Wed Oct 29 2025,Memphis Grizzlies,Phoenix Suns,114,113,0,1
Thu Oct 30 2025,Orlando Magic,Charlotte Hornets,123,107,0,1
Thu Oct 30 2025,Golden State Warriors,Milwaukee Bucks,110,120,0,0
Thu Oct 30 2025,Washington Wizards,Oklahoma City Thunder,108,127,0,0
Thu Oct 30 2025,Miami Heat,San Antonio Spurs,101,107,0,0
Fri Oct 31 2025,Atlanta Hawks,Indiana Pacers,128,108,0,1
Fri Oct 31 2025,Boston Celtics,Philadelphia 76ers,109,108,0,1
Fri Oct 31 2025,Toronto Raptors,Cleveland Cavaliers,112,101,0,1
Fri Oct 31 2025,New York Knicks,Chicago Bulls,125,135,0,0
Fri Oct 31 2025,Los Angeles Lakers,Memphis Grizzlies,117,112,0,1
Fri Oct 31 2025,Utah Jazz,Phoenix Suns,96,118,0,0
Fri Oct 31 2025,Denver Nuggets,Portland Trail Blazers,107,109,0,0
Fri Oct 31 2025,New Orleans Pelicans,Los Angeles Clippers,124,126,0,0
Sat Nov 1 2025,Sacramento Kings,Milwaukee Bucks,135,133,0,1
Sat Nov 1 2025,Minnesota Timberwolves,Charlotte Hornets,122,105,0,1
Sat Nov 1 2025,Golden State Warriors,Indiana Pacers,109,114,0,0
Sat Nov 1 2025,Orlando Magic,Washington Wizards,125,94,0,1
Sat Nov 1 2025,Houston Rockets,Boston Celtics,128,101,0,1
Sat Nov 1 2025,Dallas Mavericks,Detroit Pistons,110,122,0,0
Sun Nov 2 2025,New Orleans Pelicans,Oklahoma City Thunder,106,137,0,0
Sun Nov 2 2025,Philadelphia 76ers,Brooklyn Nets,129,105,0,1
Sun Nov 2 2025,Utah Jazz,Charlotte Hornets,103,126,0,0
Sun Nov 2 2025,Atlanta Hawks,Cleveland Cavaliers,109,117,0,0
Sun Nov 2 2025,Memphis Grizzlies,Toronto Raptors,104,117,0,0
Sun Nov 2 2025,Chicago Bulls,New York Knicks,116,128,0,0
Sun Nov 2 2025,San Antonio Spurs,Phoenix Suns,118,130,0,0
Sun Nov 2 2025,Miami Heat,Los Angeles Lakers,120,130,0,0
Mon Nov 3 2025,Minnesota Timberwolves,Brooklyn Nets,125,109,0,1
Mon Nov 3 2025,Milwaukee Bucks,Indiana Pacers,117,115,0,1
Mon Nov 3 2025,Utah Jazz,Boston Celtics,105,103,0,1
Mon Nov 3 2025,Washington Wizards,New York Knicks,102,119,0,0
Mon Nov 3 2025,Dallas Mavericks,Houston Rockets,102,110,0,0
Mon Nov 3 2025,Detroit Pistons,Memphis Grizzlies,114,106,0,1
Mon Nov 3 2025,Sacramento Kings,Denver Nuggets,124,130,0,0
Mon Nov 3 2025,Los Angeles Lakers,Portland Trail Blazers,123,115,0,1
Mon Nov 3 2025,Miami Heat,Los Angeles Clippers,120,119,0,1
Tue Nov 4 2025,Milwaukee Bucks,Toronto Raptors,100,128,0,0
Tue Nov 4 2025,Orlando Magic,Atlanta Hawks,112,127,0,0
Tue Nov 4 2025,Philadelphia 76ers,Chicago Bulls,111,113,0,0
Tue Nov 4 2025,Charlotte Hornets,New Orleans Pelicans,112,116,0,0
Tue Nov 4 2025,Phoenix Suns,Golden State Warriors,107,118,0,0
Tue Nov 4 2025,Oklahoma City Thunder,Los Angeles Clippers,126,107,0,1
Wed Nov 5 2025,Philadelphia 76ers,Cleveland Cavaliers,121,132,0,0
Wed Nov 5 2025,Utah Jazz,Detroit Pistons,103,114,0,0
Wed Nov 5 2025,Brooklyn Nets,Indiana Pacers,112,103,0,1
Wed Nov 5 2025,Washington Wizards,Boston Celtics,107,136,0,0
Wed Nov 5 2025,Minnesota Timberwolves,New York Knicks,114,137,0,0
Wed Nov 5 2025,Houston Rockets,Memphis Grizzlies,124,109,0,1
Wed Nov 5 2025,New Orleans Pelicans,Dallas Mavericks,101,99,0,1
Wed Nov 5 2025,Miami Heat,Denver Nuggets,112,122,0,0
Wed Nov 5 2025,San Antonio Spurs,Los Angeles Lakers,116,118,0,0
Wed Nov 5 2025,Oklahoma City Thunder,Portland Trail Blazers,119,121,0,0
Wed Nov 5 2025,Golden State Warriors,Sacramento Kings,116,121,0,0
Thu Nov 6 2025,Los Angeles Clippers,Phoenix Suns,102,115,0,0
Fri Nov 7 2025,Boston Celtics,Orlando Magic,110,123,0,0
Fri Nov 7 2025,Cleveland Cavaliers,Washington Wizards,148,115,0,1
Fri Nov 7 2025,Toronto Raptors,Atlanta Hawks,109,97,0,1
Fri Nov 7 2025,Detroit Pistons,Brooklyn Nets,125,107,0,1
Fri Nov 7 2025,Houston Rockets,San Antonio Spurs,110,121,0,0
Fri Nov 7 2025,Dallas Mavericks,Memphis Grizzlies,104,118,0,0
Fri Nov 7 2025,Charlotte Hornets,Miami Heat,108,126,0,0
Fri Nov 7 2025,Chicago Bulls,Milwaukee Bucks,110,126,0,0
Fri Nov 7 2025,Utah Jazz,Minnesota Timberwolves,97,137,0,0
Fri Nov 7 2025,Golden State Warriors,Denver Nuggets,104,129,0,0
Fri Nov 7 2025,Oklahoma City Thunder,Sacramento Kings,132,101,0,1
Sat Nov 8 2025,Dallas Mavericks,Washington Wizards,111,105,0,1
Sat Nov 8 2025,Toronto Raptors,Philadelphia 76ers,120,130,0,0
Sat Nov 8 2025,Los Angeles Lakers,Atlanta Hawks,102,122,0,0
Sat Nov 8 2025,Chicago Bulls,Cleveland Cavaliers,122,128,0,0
Sat Nov 8 2025,Portland Trail Blazers,Miami Heat,131,136,0,0
Sat Nov 8 2025,New Orleans Pelicans,San Antonio Spurs,119,126,0,0
Sat Nov 8 2025,Indiana Pacers,Denver Nuggets,100,117,0,0
Sat Nov 8 2025,Phoenix Suns,Los Angeles Clippers,114,103,0,1
Sun Nov 9 2025,Houston Rockets,Milwaukee Bucks,122,115,0,1
Sun Nov 9 2025,Oklahoma City Thunder,Memphis Grizzlies,114,100,0,1
Sun Nov 9 2025,Brooklyn Nets,New York Knicks,98,134,0,0
Sun Nov 9 2025,Boston Celtics,Orlando Magic,111,107,0,1
Sun Nov 9 2025,Detroit Pistons,Philadelphia 76ers,111,108,0,1
Sun Nov 9 2025,Indiana Pacers,Golden State Warriors,83,114,0,0
Sun Nov 9 2025,Minnesota Timberwolves,Sacramento Kings,144,117,0,1
Mon Nov 10 2025,Los Angeles Lakers,Charlotte Hornets,121,111,0,1
Mon Nov 10 2025,Washington Wizards,Detroit Pistons,135,137,0,0
Mon Nov 10 2025,Portland Trail Blazers,Orlando Magic,112,115,0,0
Mon Nov 10 2025,Cleveland Cavaliers,Miami Heat,138,140,0,0
Mon Nov 10 2025,San Antonio Spurs,Chicago Bulls,121,117,0,1
Mon Nov 10 2025,Milwaukee Bucks,Dallas Mavericks,116,114,0,1
Mon Nov 10 2025,New Orleans Pelicans,Phoenix Suns,98,121,0,0
Mon Nov 10 2025,Minnesota Timberwolves,Utah Jazz,120,113,0,1
Mon Nov 10 2025,Atlanta Hawks,Los Angeles Clippers,105,102,0,1
Tue Nov 11 2025,Toronto Raptors,Brooklyn Nets,119,109,0,1
Tue Nov 11 2025,Memphis Grizzlies,New York Knicks,120,133,0,0
Tue Nov 11 2025,Golden State Warriors,Oklahoma City Thunder,102,126,0,0
Tue Nov 11 2025,Boston Celtics,Philadelphia 76ers,100,102,0,0
Tue Nov 11 2025,Indiana Pacers,Utah Jazz,128,152,0,0
Tue Nov 11 2025,Denver Nuggets,Sacramento Kings,122,108,0,1
Wed Nov 12 2025,Milwaukee Bucks,Charlotte Hornets,100,111,0,0
Wed Nov 12 2025,Chicago Bulls,Detroit Pistons,113,124,0,0
Wed Nov 12 2025,Orlando Magic,New York Knicks,124,107,0,1
Wed Nov 12 2025,Memphis Grizzlies,Boston Celtics,95,131,0,0
Wed Nov 12 2025,Cleveland Cavaliers,Miami Heat,130,116,0,1
Wed Nov 12 2025,Washington Wizards,Houston Rockets,112,135,0,0
Wed Nov 12 2025,Portland Trail Blazers,New Orleans Pelicans,125,117,0,1
Wed Nov 12 2025,Golden State Warriors,San Antonio Spurs,125,120,0,1
Wed Nov 12 2025,Phoenix Suns,Dallas Mavericks,123,114,0,1
Wed Nov 12 2025,Los Angeles Lakers,Oklahoma City Thunder,92,121,0,0
Wed Nov 12 2025,Atlanta Hawks,Sacramento Kings,133,100,0,1
Wed Nov 12 2025,Denver Nuggets,Los Angeles Clippers,130,116,0,1
Thu Nov 13 2025,Toronto Raptors,Cleveland Cavaliers,126,113,0,1
Thu Nov 13 2025,Indiana Pacers,Phoenix Suns,98,133,0,0
Thu Nov 13 2025,Atlanta Hawks,Utah Jazz,132,122,0,1
Fri Nov 14 2025,Miami Heat,New York Knicks,132,140,0,0
Fri Nov 14 2025,Brooklyn Nets,Orlando Magic,98,105,0,0
Fri Nov 14 2025,Philadelphia 76ers,Detroit Pistons,105,114,0,0
Fri Nov 14 2025,Portland Trail Blazers,Houston Rockets,116,140,0,0
Fri Nov 14 2025,Charlotte Hornets,Milwaukee Bucks,134,147,0,0
Fri Nov 14 2025,Sacramento Kings,Minnesota Timberwolves,110,124,0,0
Fri Nov 14 2025,Los Angeles Lakers,New Orleans Pelicans,118,104,0,1
Fri Nov 14 2025,Los Angeles Clippers,Dallas Mavericks,133,127,0,1
Fri Nov 14 2025,Golden State Warriors,San Antonio Spurs,109,108,0,1
Sat Nov 15 2025,Memphis Grizzlies,Cleveland Cavaliers,100,108,0,0
Sat Nov 15 2025,Oklahoma City Thunder,Charlotte Hornets,109,96,0,1
Sat Nov 15 2025,Toronto Raptors,Indiana Pacers,129,111,0,1
Sat Nov 15 2025,Los Angeles Lakers,Milwaukee Bucks,119,95,0,1
Sat Nov 15 2025,Denver Nuggets,Minnesota Timberwolves,123,112,0,1
Sun Nov 16 2025,Los Angeles Clippers,Boston Celtics,118,121,0,0
Sun Nov 16 2025,Sacramento Kings,San Antonio Spurs,110,123,0,0
Sun Nov 16 2025,Brooklyn Nets,Washington Wizards,129,106,0,1
Sun Nov 16 2025,Orlando Magic,Houston Rockets,113,117,0,0
Sun Nov 16 2025,Golden State Warriors,New Orleans Pelicans,124,106,0,1
Sun Nov 16 2025,Portland Trail Blazers,Dallas Mavericks,133,138,0,0
Sun Nov 16 2025,Atlanta Hawks,Phoenix Suns,124,122,0,1
Sun Nov 16 2025,Chicago Bulls,Utah Jazz,147,150,0,0
Mon Nov 17 2025,Milwaukee Bucks,Cleveland Cavaliers,106,118,0,0
Mon Nov 17 2025,Indiana Pacers,Detroit Pistons,112,127,0,0
Mon Nov 17 2025,Los Angeles Clippers,Philadelphia 76ers,108,110,0,0
Mon Nov 17 2025,New York Knicks,Miami Heat,113,115,0,0
Mon Nov 17 2025,Charlotte Hornets,Toronto Raptors,108,110,0,0
Mon Nov 17 2025,Dallas Mavericks,Minnesota Timberwolves,96,120,0,0
Mon Nov 17 2025,Oklahoma City Thunder,New Orleans Pelicans,126,109,0,1
Mon Nov 17 2025,Chicago Bulls,Denver Nuggets,130,127,0,1
Tue Nov 18 2025,Golden State Warriors,Orlando Magic,113,121,0,0
Tue Nov 18 2025,Detroit Pistons,Atlanta Hawks,120,112,0,1
Tue Nov 18 2025,Boston Celtics,Brooklyn Nets,113,99,0,1
Tue Nov 18 2025,Memphis Grizzlies,San Antonio Spurs,101,111,0,0
Tue Nov 18 2025,Utah Jazz,Los Angeles Lakers,126,140,0,0
Tue Nov 18 2025,Phoenix Suns,Portland Trail Blazers,127,110,0,1
Wed Nov 19 2025,Houston Rockets,Cleveland Cavaliers,114,104,0,1
Wed Nov 19 2025,Charlotte Hornets,Indiana Pacers,118,127,0,0
Wed Nov 19 2025,Toronto Raptors,Philadelphia 76ers,121,112,0,1
Wed Nov 19 2025,Golden State Warriors,Miami Heat,96,110,0,0
Wed Nov 19 2025,Washington Wizards,Minnesota Timberwolves,109,120,0,0
Wed Nov 19 2025,Denver Nuggets,New Orleans Pelicans,125,118,0,1
Wed Nov 19 2025,Sacramento Kings,Oklahoma City Thunder,99,113,0,0
Wed Nov 19 2025,New York Knicks,Dallas Mavericks,113,111,0,1
Wed Nov 19 2025,Chicago Bulls,Portland Trail Blazers,122,121,0,1
Thu Nov 20 2025,Los Angeles Clippers,Orlando Magic,101,129,0,0
Thu Nov 20 2025,Sacramento Kings,Memphis Grizzlies,96,137,0,0
Thu Nov 20 2025,Philadelphia 76ers,Milwaukee Bucks,123,114,0,1
Thu Nov 20 2025,Atlanta Hawks,San Antonio Spurs,126,135,0,0
Fri Nov 21 2025,Indiana Pacers,Cleveland Cavaliers,109,120,0,0
Fri Nov 21 2025,Brooklyn Nets,Boston Celtics,113,105,0,1
Fri Nov 21 2025,Washington Wizards,Toronto Raptors,110,140,0,0
Fri Nov 21 2025,Miami Heat,Chicago Bulls,143,107,0,1
Fri Nov 21 2025,New Orleans Pelicans,Dallas Mavericks,115,118,0,0
Fri Nov 21 2025,Minnesota Timberwolves,Phoenix Suns,113,114,0,0
Fri Nov 21 2025,Denver Nuggets,Houston Rockets,112,109,0,1
Fri Nov 21 2025,Portland Trail Blazers,Golden State Warriors,127,123,0,1
Fri Nov 21 2025,Oklahoma City Thunder,Utah Jazz,144,112,0,1
Sat Nov 22 2025,Los Angeles Clippers,Charlotte Hornets,131,116,0,1
Sat Nov 22 2025,New York Knicks,Orlando Magic,121,133,0,0
Sat Nov 22 2025,Atlanta Hawks,New Orleans Pelicans,115,98,0,1
Sat Nov 22 2025,Washington Wizards,Chicago Bulls,120,121,0,0
Sat Nov 22 2025,Detroit Pistons,Milwaukee Bucks,129,116,0,1
Sat Nov 22 2025,Memphis Grizzlies,Dallas Mavericks,102,96,0,1
Sat Nov 22 2025,Sacramento Kings,Denver Nuggets,128,123,0,1
Sun Nov 23 2025,Miami Heat,Philadelphia 76ers,127,117,0,1
Sun Nov 23 2025,Charlotte Hornets,Atlanta Hawks,110,113,0,0
Sun Nov 23 2025,Orlando Magic,Boston Celtics,129,138,0,0
Sun Nov 23 2025,Los Angeles Clippers,Cleveland Cavaliers,105,120,0,0
Sun Nov 23 2025,Brooklyn Nets,Toronto Raptors,109,119,0,0
Sun Nov 23 2025,Portland Trail Blazers,Oklahoma City Thunder,95,122,0,0
Sun Nov 23 2025,San Antonio Spurs,Phoenix Suns,102,111,0,0
Sun Nov 23 2025,Los Angeles Lakers,Utah Jazz,108,106,0,1
Mon Nov 24 2025,Detroit Pistons,Indiana Pacers,122,117,0,1
Mon Nov 24 2025,Cleveland Cavaliers,Toronto Raptors,99,110,0,0
Mon Nov 24 2025,New York Knicks,Brooklyn Nets,113,100,0,1
Mon Nov 24 2025,Dallas Mavericks,Miami Heat,102,106,0,0
Mon Nov 24 2025,Denver Nuggets,Memphis Grizzlies,125,115,0,1
Mon Nov 24 2025,Portland Trail Blazers,Milwaukee Bucks,115,103,0,1
Mon Nov 24 2025,Chicago Bulls,New Orleans Pelicans,130,143,0,0
Mon Nov 24 2025,Houston Rockets,Phoenix Suns,114,92,0,1
Mon Nov 24 2025,Utah Jazz,Golden State Warriors,117,134,0,0
Mon Nov 24 2025,Minnesota Timberwolves,Sacramento Kings,112,117,0,0
Tue Nov 25 2025,Atlanta Hawks,Washington Wizards,113,132,0,0
Tue Nov 25 2025,Orlando Magic,Philadelphia 76ers,144,103,0,1
Tue Nov 25 2025,Los Angeles Clippers,Los Angeles Lakers,118,135,0,0
Wed Nov 26 2025,Detroit Pistons,Boston Celtics,114,117,0,0
Wed Nov 26 2025,New York Knicks,Charlotte Hornets,129,101,0,1
Wed Nov 26 2025,Milwaukee Bucks,Miami Heat,103,106,0,0
Wed Nov 26 2025,Minnesota Timberwolves,Oklahoma City Thunder,105,113,0,0
Wed Nov 26 2025,Indiana Pacers,Toronto Raptors,95,97,0,0
Wed Nov 26 2025,Memphis Grizzlies,New Orleans Pelicans,133,128,0,1
Wed Nov 26 2025,Houston Rockets,Golden State Warriors,104,100,0,1
Wed Nov 26 2025,San Antonio Spurs,Portland Trail Blazers,115,102,0,1
Wed Nov 26 2025,Phoenix Suns,Sacramento Kings,112,100,0,1
Fri Nov 28 2025,Cleveland Cavaliers,Atlanta Hawks,123,130,0,0
Fri Nov 28 2025,Philadelphia 76ers,Brooklyn Nets,115,103,0,1
Fri Nov 28 2025,Chicago Bulls,Charlotte Hornets,116,123,0,0
Fri Nov 28 2025,Orlando Magic,Detroit Pistons,112,109,0,1
Fri Nov 28 2025,Washington Wizards,Indiana Pacers,86,119,0,0
Fri Nov 28 2025,Milwaukee Bucks,New York Knicks,109,118,0,0
Fri Nov 28 2025,San Antonio Spurs,Denver Nuggets,139,136,0,1
Fri Nov 28 2025,Phoenix Suns,Oklahoma City Thunder,119,123,0,0
Fri Nov 28 2025,Sacramento Kings,Utah Jazz,119,128,0,0
Fri Nov 28 2025,Memphis Grizzlies,Los Angeles Clippers,112,107,0,1
Fri Nov 28 2025,Dallas Mavericks,Los Angeles Lakers,119,129,0,0
Sat Nov 29 2025,Boston Celtics,Minnesota Timberwolves,115,119,0,0
Sat Nov 29 2025,Toronto Raptors,Charlotte Hornets,111,118,0,0
Sat Nov 29 2025,Chicago Bulls,Indiana Pacers,101,103,0,0
Sat Nov 29 2025,Detroit Pistons,Miami Heat,138,135,0,1
Sat Nov 29 2025,Brooklyn Nets,Milwaukee Bucks,99,116,0,0
Sat Nov 29 2025,New Orleans Pelicans,Golden State Warriors,96,104,0,0
Sat Nov 29 2025,Denver Nuggets,Phoenix Suns,130,112,0,1
Sat Nov 29 2025,Dallas Mavericks,Los Angeles Clippers,114,110,0,1
Sun Nov 30 2025,Houston Rockets,Utah Jazz,129,101,0,1
Sun Nov 30 2025,Boston Celtics,Cleveland Cavaliers,117,115,0,1
Sun Nov 30 2025,Toronto Raptors,New York Knicks,94,116,0,0
Sun Nov 30 2025,Atlanta Hawks,Philadelphia 76ers,142,134,0,1
Sun Nov 30 2025,Oklahoma City Thunder,Portland Trail Blazers,123,115,0,1
Sun Nov 30 2025,San Antonio Spurs,Minnesota Timberwolves,112,125,0,0
Sun Nov 30 2025,Memphis Grizzlies,Sacramento Kings,115,107,0,1
Sun Nov 30 2025,New Orleans Pelicans,Los Angeles Lakers,121,133,0,0
Mon Dec 1 2025,Atlanta Hawks,Detroit Pistons,98,99,0,0
Mon Dec 1 2025,Cleveland Cavaliers,Indiana Pacers,135,119,0,1
Mon Dec 1 2025,Milwaukee Bucks,Washington Wizards,126,129,0,0
Mon Dec 1 2025,Charlotte Hornets,Brooklyn Nets,103,116,0,0
Mon Dec 1 2025,Los Angeles Clippers,Miami Heat,123,140,0,0
Mon Dec 1 2025,Chicago Bulls,Orlando Magic,120,125,0,0
Mon Dec 1 2025,Dallas Mavericks,Denver Nuggets,131,121,0,1
Mon Dec 1 2025,Houston Rockets,Utah Jazz,125,133,0,0
Mon Dec 1 2025,Phoenix Suns,Los Angeles Lakers,125,108,0,1
Tue Dec 2 2025,Washington Wizards,Philadelphia 76ers,102,121,0,0
Tue Dec 2 2025,Portland Trail Blazers,Toronto Raptors,118,121,0,0
Tue Dec 2 2025,New York Knicks,Boston Celtics,117,123,0,0
Tue Dec 2 2025,Minnesota Timberwolves,New Orleans Pelicans,149,142,0,1
Tue Dec 2 2025,Memphis Grizzlies,San Antonio Spurs,119,126,0,0
Tue Dec 2 2025,Oklahoma City Thunder,Golden State Warriors,124,112,0,1
Wed Dec 3 2025,Portland Trail Blazers,Cleveland Cavaliers,122,110,0,1
Wed Dec 3 2025,Denver Nuggets,Indiana Pacers,135,120,0,1
Wed Dec 3 2025,San Antonio Spurs,Orlando Magic,114,112,0,1
Wed Dec 3 2025,Los Angeles Clippers,Atlanta Hawks,115,92,0,1
Wed Dec 3 2025,Charlotte Hornets,New York Knicks,104,119,0,0
Wed Dec 3 2025,Brooklyn Nets,Chicago Bulls,113,103,0,1
Wed Dec 3 2025,Sacramento Kings,Houston Rockets,95,121,0,0
Wed Dec 3 2025,Detroit Pistons,Milwaukee Bucks,109,113,0,0
Wed Dec 3 2025,Miami Heat,Dallas Mavericks,108,118,0,0
Thu Dec 4 2025,Golden State Warriors,Philadelphia 76ers,98,99,0,0
Thu Dec 4 2025,Boston Celtics,Washington Wizards,146,101,0,1
Thu Dec 4 2025,Utah Jazz,Brooklyn Nets,123,110,0,1
Thu Dec 4 2025,Los Angeles Lakers,Toronto Raptors,123,120,0,1
Thu Dec 4 2025,Minnesota Timberwolves,New Orleans Pelicans,125,116,0,1
Fri Dec 5 2025,Los Angeles Lakers,Boston Celtics,105,126,0,0
Fri Dec 5 2025,Miami Heat,Orlando Magic,105,106,0,0
Fri Dec 5 2025,Denver Nuggets,Atlanta Hawks,134,133,0,1
Fri Dec 5 2025,San Antonio Spurs,Cleveland Cavaliers,117,130,0,0
Fri Dec 5 2025,Portland Trail Blazers,Detroit Pistons,116,122,0,0
Fri Dec 5 2025,Utah Jazz,New York Knicks,112,146,0,0
Fri Dec 5 2025,Charlotte Hornets,Toronto Raptors,111,86,0,1
Fri Dec 5 2025,Indiana Pacers,Chicago Bulls,120,105,0,1
Fri Dec 5 2025,Phoenix Suns,Houston Rockets,98,117,0,0
Fri Dec 5 2025,Los Angeles Clippers,Memphis Grizzlies,98,107,0,0
Fri Dec 5 2025,Philadelphia 76ers,Milwaukee Bucks,116,101,0,1
Fri Dec 5 2025,Dallas Mavericks,Oklahoma City Thunder,111,132,0,0
Sat Dec 6 2025,New Orleans Pelicans,Brooklyn Nets,101,119,0,0
Sat Dec 6 2025,Atlanta Hawks,Washington Wizards,131,116,0,1
Sat Dec 6 2025,Golden State Warriors,Cleveland Cavaliers,99,94,0,1
Sat Dec 6 2025,Milwaukee Bucks,Detroit Pistons,112,124,0,0
Sat Dec 6 2025,Sacramento Kings,Miami Heat,127,111,0,1
Sat Dec 6 2025,Los Angeles Clippers,Minnesota Timberwolves,106,109,0,0
Sat Dec 6 2025,Houston Rockets,Dallas Mavericks,109,122,0,0
Sun Dec 7 2025,Orlando Magic,New York Knicks,100,106,0,0
Sun Dec 7 2025,Boston Celtics,Toronto Raptors,121,113,0,1
Sun Dec 7 2025,Denver Nuggets,Charlotte Hornets,115,106,0,1
Sun Dec 7 2025,Portland Trail Blazers,Memphis Grizzlies,96,119,0,0
Sun Dec 7 2025,Golden State Warriors,Chicago Bulls,123,91,0,1
Sun Dec 7 2025,Los Angeles Lakers,Philadelphia 76ers,112,108,0,1
Sun Dec 7 2025,Oklahoma City Thunder,Utah Jazz,131,101,0,1
Mon Dec 8 2025,Sacramento Kings,Indiana Pacers,105,116,0,0
Mon Dec 8 2025,Phoenix Suns,Minnesota Timberwolves,108,105,0,1
Mon Dec 8 2025,San Antonio Spurs,New Orleans Pelicans,135,132,0,1
Tue Dec 9 2025,Miami Heat,Orlando Magic,108,117,0,0
Tue Dec 9 2025,New York Knicks,Toronto Raptors,117,101,0,1
Wed Dec 10 2025,Phoenix Suns,Oklahoma City Thunder,89,138,0,0
Wed Dec 10 2025,San Antonio Spurs,Los Angeles Lakers,132,119,0,1
Thu Dec 11 2025,Los Angeles Clippers,Houston Rockets,113,115,0,0
Thu Dec 11 2025,Boston Celtics,Milwaukee Bucks,101,116,0,0
Thu Dec 11 2025,Portland Trail Blazers,New Orleans Pelicans,120,143,0,0
Thu Dec 11 2025,Denver Nuggets,Sacramento Kings,136,105,0,1
Fri Dec 12 2025,Chicago Bulls,Charlotte Hornets,129,126,0,1
Fri Dec 12 2025,Atlanta Hawks,Detroit Pistons,115,142,0,0
Fri Dec 12 2025,Indiana Pacers,Philadelphia 76ers,105,115,0,0
Fri Dec 12 2025,Cleveland Cavaliers,Washington Wizards,130,126,0,1
Fri Dec 12 2025,Utah Jazz,Memphis Grizzlies,130,126,0,1
Fri Dec 12 2025,Brooklyn Nets,Dallas Mavericks,111,119,0,0
Fri Dec 12 2025,Minnesota Timberwolves,Golden State Warriors,127,120,0,1
Sat Dec 13 2025,New York Knicks,Orlando Magic,132,120,0,1
Sat Dec 13 2025,San Antonio Spurs,Oklahoma City Thunder,111,109,0,1
Sun Dec 14 2025,Washington Wizards,Indiana Pacers,108,89,0,1
Sun Dec 14 2025,Charlotte Hornets,Cleveland Cavaliers,119,111,0,1
Sun Dec 14 2025,Philadelphia 76ers,Atlanta Hawks,117,120,0,0
Sun Dec 14 2025,Milwaukee Bucks,Brooklyn Nets,82,127,0,0
Sun Dec 14 2025,New Orleans Pelicans,Chicago Bulls,114,104,0,1
Sun Dec 14 2025,Sacramento Kings,Minnesota Timberwolves,103,117,0,0
Sun Dec 14 2025,Los Angeles Lakers,Phoenix Suns,116,114,0,1
Sun Dec 14 2025,Golden State Warriors,Portland Trail Blazers,131,136,0,0
Mon Dec 15 2025,Detroit Pistons,Boston Celtics,112,105,0,1
Mon Dec 15 2025,Toronto Raptors,Miami Heat,106,96,0,1
Mon Dec 15 2025,Dallas Mavericks,Utah Jazz,133,140,0,0
Mon Dec 15 2025,Houston Rockets,Denver Nuggets,125,128,0,0
Mon Dec 15 2025,Memphis Grizzlies,Los Angeles Clippers,121,103,0,1
Tue Dec 16 2025,San Antonio Spurs,New York Knicks,113,124,0,0
Wed Dec 17 2025,Cleveland Cavaliers,Chicago Bulls,111,127,0,0
Wed Dec 17 2025,Memphis Grizzlies,Minnesota Timberwolves,116,110,0,1
Thu Dec 18 2025,Atlanta Hawks,Charlotte Hornets,126,133,0,0
Thu Dec 18 2025,New York Knicks,Indiana Pacers,114,113,0,1
Thu Dec 18 2025,Miami Heat,Brooklyn Nets,106,95,0,1
Thu Dec 18 2025,Toronto Raptors,Milwaukee Bucks,111,105,0,1
Thu Dec 18 2025,Houston Rockets,New Orleans Pelicans,128,133,0,0
Thu Dec 18 2025,Los Angeles Clippers,Oklahoma City Thunder,101,122,0,0
Thu Dec 18 2025,Washington Wizards,San Antonio Spurs,94,119,0,0
Thu Dec 18 2025,Detroit Pistons,Dallas Mavericks,114,116,0,0
Thu Dec 18 2025,Orlando Magic,Denver Nuggets,115,126,0,0
Thu Dec 18 2025,Golden State Warriors,Phoenix Suns,98,99,0,0
Thu Dec 18 2025,Los Angeles Lakers,Utah Jazz,143,135,0,1
Thu Dec 18 2025,Sacramento Kings,Portland Trail Blazers,133,134,0,0
Fri Dec 19 2025,Miami Heat,Boston Celtics,116,129,0,0
Fri Dec 19 2025,Philadelphia 76ers,New York Knicks,116,107,0,1
Fri Dec 19 2025,San Antonio Spurs,Atlanta Hawks,126,98,0,1
Fri Dec 19 2025,Chicago Bulls,Cleveland Cavaliers,136,125,0,1
Fri Dec 19 2025,Oklahoma City Thunder,Minnesota Timberwolves,107,112,0,0
Sat Dec 20 2025,Houston Rockets,Denver Nuggets,115,101,0,1
Sat Dec 20 2025,Indiana Pacers,New Orleans Pelicans,109,128,0,0
Sat Dec 20 2025,Dallas Mavericks,Philadelphia 76ers,114,121,0,0
Sat Dec 20 2025,Boston Celtics,Toronto Raptors,112,96,0,1
Sat Dec 20 2025,Charlotte Hornets,Detroit Pistons,86,112,0,0
Sat Dec 20 2025,Washington Wizards,Memphis Grizzlies,130,122,0,1
Sat Dec 20 2025,Phoenix Suns,Golden State Warriors,116,119,0,0
Sat Dec 20 2025,Orlando Magic,Utah Jazz,128,127,0,1
Sat Dec 20 2025,Portland Trail Blazers,Sacramento Kings,98,93,0,1
Sat Dec 20 2025,Los Angeles Lakers,Los Angeles Clippers,88,103,0,0
Sun Dec 21 2025,Chicago Bulls,Atlanta Hawks,152,150,0,1
Sun Dec 21 2025,Toronto Raptors,Brooklyn Nets,81,96,0,0
Sun Dec 21 2025,Miami Heat,New York Knicks,125,132,0,0
Sun Dec 21 2025,Milwaukee Bucks,Minnesota Timberwolves,100,103,0,0
Sun Dec 21 2025,San Antonio Spurs,Washington Wizards,124,113,0,1
Sun Dec 21 2025,Houston Rockets,Sacramento Kings,124,125,0,0
Mon Dec 22 2025,Charlotte Hornets,Cleveland Cavaliers,132,139,0,0
Mon Dec 22 2025,Indiana Pacers,Boston Celtics,95,103,0,0
Mon Dec 22 2025,Dallas Mavericks,New Orleans Pelicans,113,119,0,0
Mon Dec 22 2025,Utah Jazz,Denver Nuggets,112,135,0,0
Mon Dec 22 2025,Memphis Grizzlies,Oklahoma City Thunder,103,119,0,0
Mon Dec 22 2025,Orlando Magic,Golden State Warriors,97,120,0,0
Mon Dec 22 2025,Detroit Pistons,Portland Trail Blazers,110,102,0,1
Tue Dec 23 2025,Washington Wizards,Charlotte Hornets,109,126,0,0
Tue Dec 23 2025,Brooklyn Nets,Philadelphia 76ers,114,106,0,1
Tue Dec 23 2025,Chicago Bulls,Atlanta Hawks,126,123,0,1
Tue Dec 23 2025,New Orleans Pelicans,Cleveland Cavaliers,118,141,0,0
Tue Dec 23 2025,Milwaukee Bucks,Indiana Pacers,111,94,0,1
Tue Dec 23 2025,Toronto Raptors,Miami Heat,112,91,0,1
Tue Dec 23 2025,Denver Nuggets,Dallas Mavericks,130,131,0,0
Tue Dec 23 2025,New York Knicks,Minnesota Timberwolves,104,115,0,0
Tue Dec 23 2025,Oklahoma City Thunder,San Antonio Spurs,110,130,0,0
Tue Dec 23 2025,Los Angeles Lakers,Phoenix Suns,108,132,0,0
Tue Dec 23 2025,Memphis Grizzlies,Utah Jazz,137,128,0,1
Tue Dec 23 2025,Orlando Magic,Portland Trail Blazers,110,106,0,1
Tue Dec 23 2025,Detroit Pistons,Sacramento Kings,136,127,0,1
Tue Dec 23 2025,Houston Rockets,Los Angeles Clippers,108,128,0,0
Thu Dec 25 2025,Cleveland Cavaliers,New York Knicks,124,126,0,0
Thu Dec 25 2025,San Antonio Spurs,Oklahoma City Thunder,117,102,0,1
Thu Dec 25 2025,Dallas Mavericks,Golden State Warriors,116,126,0,0
Thu Dec 25 2025,Houston Rockets,Los Angeles Lakers,119,96,0,1
Thu Dec 25 2025,Minnesota Timberwolves,Denver Nuggets,138,142,0,0
Fri Dec 26 2025,Miami Heat,Atlanta Hawks,126,111,0,1
Fri Dec 26 2025,Boston Celtics,Indiana Pacers,140,122,0,1
Fri Dec 26 2025,Charlotte Hornets,Orlando Magic,120,105,0,1
Fri Dec 26 2025,Toronto Raptors,Washington Wizards,117,138,0,0
Fri Dec 26 2025,Philadelphia 76ers,Chicago Bulls,102,109,0,0
Fri Dec 26 2025,Milwaukee Bucks,Memphis Grizzlies,104,125,0,0
Fri Dec 26 2025,Phoenix Suns,New Orleans Pelicans,115,108,0,1
Fri Dec 26 2025,Detroit Pistons,Utah Jazz,129,131,0,0
Fri Dec 26 2025,Los Angeles Clippers,Portland Trail Blazers,119,103,0,1
Sat Dec 27 2025,Dallas Mavericks,Sacramento Kings,107,113,0,0
Sat Dec 27 2025,Phoenix Suns,New Orleans Pelicans,123,114,0,1
Sat Dec 27 2025,Denver Nuggets,Orlando Magic,126,127,0,0
Sat Dec 27 2025,New York Knicks,Atlanta Hawks,128,125,0,1
Sat Dec 27 2025,Milwaukee Bucks,Chicago Bulls,112,103,0,1
Sat Dec 27 2025,Cleveland Cavaliers,Houston Rockets,100,117,0,0
Sat Dec 27 2025,Indiana Pacers,Miami Heat,116,142,0,0
Sat Dec 27 2025,Brooklyn Nets,Minnesota Timberwolves,123,107,0,1
Sat Dec 27 2025,Utah Jazz,San Antonio Spurs,127,114,0,1
